<?xml version="1.0" encoding="UTF-8" standalone="yes"?>
<addon id="plugin.video.xtream-codes" name="Xtream-Codes IPTV" version="10.0" provider-name="MikkM">
  <requires>
    <import addon="xbmc.python" version="2.1.0"/>
	<import addon="script.module.addon.common" />
  </requires>
  <extension point="xbmc.python.pluginsource" library="init.py">
        <provides>video executable</provides>
  </extension>
  <extension point="xbmc.addon.metadata">
    <summary lang="en">Xtream-Codes IPTV</summary>
    <website>http://kodiforever.xyz</website>
    <description lang="en">IPTV Addon for Xteam-Codes iptv panel</description>
    <forum></forum>
    <email>N/A</email>
    <disclaimer lang="en">You may use and share this addon however you like, you may NOT edit this addon in any way without conesnt of developer.</disclaimer>
    <platform>all</platform>
  </extension>
</addon>
