﻿<?xml version="1.0" encoding="UTF-8" standalone="yes"?>
<addon id="repository.gb160.kodi" name="gb160 kodi repo" version="0.0.1" provider-name="gb160">
	<extension point="xbmc.addon.repository" name="gb160 Add-on Repository">
		<info compressed="false">http://raw.github.com/gb160/gb160-kodi-addons/master/addons.xml</info>
		<checksum>http://raw.github.com/gb160/gb160-kodi-addons/master/addons.xml.md5</checksum>
		<datadir zip="true">http://raw.github.com/gb160/gb160-kodi-addons/master/repo/</datadir>
	</extension>
	<extension point="xbmc.addon.metadata">
		<summary>gb160 kodi addons</summary>
		<description>gb160 kodi addons</description>
		<disclaimer></disclaimer>
		<platform>all</platform>
	</extension>
</addon>
