<?xml version="1.0" encoding="UTF-8" standalone="yes"?>
<addon id="plugin.program.domoticzcontrol"
       name="Domoticz Control"
       version="0.0.6"
       provider-name="Chopper Rob">
  <requires>
    <import addon="xbmc.python" version="2.1.0"/>
  </requires>
  <extension point="xbmc.python.script"
             library="default.py">
  </extension>
  <extension point="xbmc.addon.metadata">
    <summary lang="en">Control Domoticz</summary>
    <description lang="en">Control domoticz from Kodi.</description>
    <platform>all</platform>
    <language></language>
    <website>https://www.chopperrob.nl</website>
  </extension>
</addon>
