<?xml version="1.0" encoding="UTF-8" standalone="yes"?>
<addon id="plugin.video.helix"
       name="[COLOR ghostwhite]Helix IPTV[/COLOR]"
       version="1.2"
       provider-name="Helix Tv">
  <requires>
    <import addon="xbmc.python" version="2.1.0"/>
	<import addon="script.module.requests" />
  </requires>
  <extension point="xbmc.python.pluginsource"
            library="default.py">
        <provides>video</provides>
  </extension>
  <extension point="xbmc.addon.metadata">
    <summary lang="en">Helix IPTV</summary>
    <language>en</language>
    <description lang="en">Helix IPTV Unofficial Addon</description>
     <platform>all</platform>
  </extension>
</addon>
