<?xml version="1.0" encoding="UTF-8" standalone="yes"?>
<addon id="plugin.program.radarr" name="Radarr" version="0.0.4" provider-name="GB160">
	<requires>
		<import addon="xbmc.python" version="2.14.0"/>
		<import addon="script.module.requests" version="2.9.1"/>
	</requires>
	<extension point="xbmc.python.pluginsource" library="addon.py">
		<provides>executable</provides>
	</extension>
	<extension point="xbmc.addon.metadata">
		<language/>
		<summary lang="en">Radarr</summary>
		<description lang="en">Radarr Interface</description>
		<platform>all</platform>
		<license>GNU General Public License v3</license>
		<forum></forum>
		<source></source>
		<email></email>
	</extension>
</addon>
